method,t_value,image,true_label,iterations,success,adversarial_class,switch_iteration,locked_class,timestamp
SimBA,100,ILSVRC2012_val_00000054.JPEG,56,15000,False,56,138,60,2026-03-17T14:12:38.448035
SimBA,100,ILSVRC2012_val_00001493.JPEG,10,15000,False,10,114,11,2026-03-17T14:13:03.218680
SimBA,100,ILSVRC2012_val_00001912.JPEG,20,15000,False,20,305,85,2026-03-17T14:13:10.052295
SimBA,100,ILSVRC2012_val_00000187.JPEG,640,15000,False,640,102,904,2026-03-17T14:13:11.298981
SimBA,100,ILSVRC2012_val_00000588.JPEG,30,15000,False,30,103,32,2026-03-17T14:13:31.297115
SimBA,100,ILSVRC2012_val_00001245.JPEG,90,15000,False,90,122,91,2026-03-17T14:13:40.535825
SimBA,100,ILSVRC2012_val_00000807.JPEG,80,15000,False,80,288,23,2026-03-17T14:13:58.750031
SimBA,100,ILSVRC2012_val_00000309.JPEG,0,15000,False,0,620,389,2026-03-17T14:14:00.688304
SimBA,100,ILSVRC2012_val_00000826.JPEG,1,15000,False,1,113,989,2026-03-17T14:33:49.497351
SimBA,100,ILSVRC2012_val_00000440.JPEG,86,15000,False,86,121,82,2026-03-17T14:34:06.271995
SimBA,100,ILSVRC2012_val_00000461.JPEG,113,15000,False,113,101,78,2026-03-17T14:34:08.850501
SimBA,100,ILSVRC2012_val_00000001.JPEG,91,15000,False,91,113,15,2026-03-17T14:34:12.712055
SimBA,100,ILSVRC2012_val_00000107.JPEG,40,15000,False,40,110,315,2026-03-17T14:34:16.683085
SimBA,100,ILSVRC2012_val_00001861.JPEG,21,15000,False,21,103,23,2026-03-17T14:34:17.736443
SimBA,100,ILSVRC2012_val_00001195.JPEG,11,15000,False,11,281,951,2026-03-17T14:34:28.104014
SimBA,100,ILSVRC2012_val_00000046.JPEG,70,15000,False,70,122,77,2026-03-17T14:34:31.083293
SimBA,100,ILSVRC2012_val_00000484.JPEG,30,15000,False,30,206,31,2026-03-17T14:34:47.304472
SimBA,100,ILSVRC2012_val_00000296.JPEG,61,15000,False,61,103,62,2026-03-17T14:35:17.954781
SimBA,100,ILSVRC2012_val_00000120.JPEG,313,9000,True,57,148,57,2026-03-17T14:45:05.919933
SimBA,100,ILSVRC2012_val_00000751.JPEG,60,15000,False,60,101,61,2026-03-17T14:48:58.325193
SimBA,100,ILSVRC2012_val_00003751.JPEG,92,15000,False,92,108,95,2026-03-17T14:49:50.222206
SimBA,100,ILSVRC2012_val_00000237.JPEG,71,15000,False,71,101,52,2026-03-17T14:50:01.410502
SimBA,100,ILSVRC2012_val_00003287.JPEG,12,15000,False,12,175,10,2026-03-17T14:51:11.738576
SimBA,100,ILSVRC2012_val_00002403.JPEG,305,15000,False,305,101,32,2026-03-17T14:51:15.641144
SimBA,100,ILSVRC2012_val_00000294.JPEG,4,15000,False,4,113,3,2026-03-17T14:51:26.189037
SimBA,100,ILSVRC2012_val_00001888.JPEG,82,15000,False,82,158,86,2026-03-17T14:51:26.248734
SimBA,100,ILSVRC2012_val_00000731.JPEG,41,15000,False,41,249,44,2026-03-17T14:51:57.563444
SimBA,100,ILSVRC2012_val_00002085.JPEG,23,15000,False,23,155,92,2026-03-17T14:52:11.071917
SimBA,100,ILSVRC2012_val_00000150.JPEG,66,15000,False,66,134,68,2026-03-17T15:01:31.727754
SimBA,100,ILSVRC2012_val_00001628.JPEG,42,15000,False,42,120,41,2026-03-17T16:11:30.650532
SimBA,100,ILSVRC2012_val_00001186.JPEG,93,15000,False,93,121,133,2026-03-17T16:11:55.326434
SimBA,100,ILSVRC2012_val_00000295.JPEG,337,15000,False,337,122,978,2026-03-17T16:11:58.801674
SimBA,100,ILSVRC2012_val_00000228.JPEG,72,15000,False,72,280,74,2026-03-17T16:12:54.249853
SimBA,100,ILSVRC2012_val_00002134.JPEG,53,15000,False,53,114,52,2026-03-17T16:12:56.892760
SimBA,100,ILSVRC2012_val_00000560.JPEG,955,15000,False,955,111,378,2026-03-17T16:12:57.472733
SimBA,100,ILSVRC2012_val_00000102.JPEG,83,15000,False,83,122,138,2026-03-17T16:13:01.800039
SimBA,100,ILSVRC2012_val_00001478.JPEG,23,15000,False,23,160,21,2026-03-17T16:13:46.216546
SimBA,100,ILSVRC2012_val_00000062.JPEG,13,15000,False,13,200,995,2026-03-17T16:14:11.706844
SimBA,100,ILSVRC2012_val_00000823.JPEG,801,15000,False,801,119,983,2026-03-17T16:14:18.776562
SimBA,100,ILSVRC2012_val_00000781.JPEG,67,9157,True,61,106,61,2026-03-17T16:23:09.996030
SimBA,100,ILSVRC2012_val_00000556.JPEG,43,15000,False,43,103,42,2026-03-17T16:27:57.735433
SimBA,100,ILSVRC2012_val_00000528.JPEG,94,15000,False,94,114,16,2026-03-17T16:28:14.789966
SimBA,100,ILSVRC2012_val_00005869.JPEG,973,15000,False,973,105,109,2026-03-17T16:28:24.590050
SimBA,100,ILSVRC2012_val_00000793.JPEG,33,15000,False,33,122,34,2026-03-17T16:28:37.648637
SimBA,100,ILSVRC2012_val_00000881.JPEG,84,15000,False,84,141,562,2026-03-17T16:29:01.954520
SimBA,100,ILSVRC2012_val_00000880.JPEG,24,15000,False,24,103,21,2026-03-17T16:29:23.222762
SimBA,100,ILSVRC2012_val_00000677.JPEG,78,15000,False,78,111,77,2026-03-17T16:30:15.134517
SimBA,100,ILSVRC2012_val_00000324.JPEG,4,15000,False,4,108,3,2026-03-17T16:31:24.587113
SimBA,100,ILSVRC2012_val_00002923.JPEG,55,325,True,317,102,317,2026-03-17T16:31:47.695127
SimBA,100,ILSVRC2012_val_00002095.JPEG,14,15000,False,14,122,94,2026-03-17T16:31:49.149809
SimBA,100,ILSVRC2012_val_00000132.JPEG,53,15000,False,53,244,600,2026-03-17T16:39:38.536276
SimBA,100,ILSVRC2012_val_00000278.JPEG,66,15000,False,66,118,68,2026-03-17T16:44:05.816006
SimBA,100,ILSVRC2012_val_00000836.JPEG,37,15000,False,37,144,35,2026-03-17T16:44:33.078470
SimBA,100,ILSVRC2012_val_00001390.JPEG,95,15000,False,95,138,92,2026-03-17T16:44:44.379667
SimBA,100,ILSVRC2012_val_00001419.JPEG,85,15000,False,85,191,86,2026-03-17T16:45:30.591138
SimBA,100,ILSVRC2012_val_00000270.JPEG,945,15000,False,945,111,883,2026-03-17T16:45:44.778928
SimBA,100,ILSVRC2012_val_00001002.JPEG,25,15000,False,25,340,28,2026-03-17T16:45:55.963522
SimBA,100,ILSVRC2012_val_00000552.JPEG,72,15000,False,72,270,74,2026-03-17T16:46:36.849877
SimBA,100,ILSVRC2012_val_00001322.JPEG,6,15000,False,6,107,5,2026-03-17T16:48:57.036407
SimBA,100,ILSVRC2012_val_00000153.JPEG,15,15000,False,15,104,10,2026-03-17T16:49:46.122824
SimBA,100,ILSVRC2012_val_00000208.JPEG,56,15000,False,56,113,61,2026-03-17T16:56:06.603807
SimBA,100,ILSVRC2012_val_00002575.JPEG,45,15000,False,45,114,390,2026-03-17T17:01:15.057980
SimBA,100,ILSVRC2012_val_00001869.JPEG,36,15000,False,36,113,35,2026-03-17T17:01:20.599541
SimBA,100,ILSVRC2012_val_00000175.JPEG,82,15000,False,82,133,86,2026-03-17T17:01:21.095023
SimBA,100,ILSVRC2012_val_00000204.JPEG,96,15000,False,96,107,93,2026-03-17T17:01:33.159754
SimBA,100,ILSVRC2012_val_00001964.JPEG,67,15000,False,67,101,68,2026-03-17T17:01:53.210099
SimBA,100,ILSVRC2012_val_00001108.JPEG,26,15000,False,26,112,28,2026-03-17T17:02:39.783222
SimBA,100,ILSVRC2012_val_00000603.JPEG,75,15000,False,75,129,73,2026-03-17T17:03:09.296238
SimBA,100,ILSVRC2012_val_00000188.JPEG,14,15000,False,14,259,17,2026-03-17T17:05:23.653379
SimBA,100,ILSVRC2012_val_00000561.JPEG,995,2921,True,988,121,988,2026-03-17T17:05:49.057503
SimBA,100,ILSVRC2012_val_00000194.JPEG,68,3937,True,54,221,54,2026-03-17T17:06:33.442600
SimBA,100,ILSVRC2012_val_00003561.JPEG,7,15000,False,7,120,8,2026-03-17T17:06:46.102374
SimBA,100,ILSVRC2012_val_00001038.JPEG,57,15000,False,57,551,111,2026-03-17T17:13:06.543637
SimBA,100,ILSVRC2012_val_00000053.JPEG,40,15000,False,40,103,46,2026-03-17T17:17:02.517362
SimBA,100,ILSVRC2012_val_00000395.JPEG,37,15000,False,37,113,35,2026-03-17T17:17:59.356990
SimBA,100,ILSVRC2012_val_00000024.JPEG,87,15000,False,87,122,691,2026-03-17T17:18:01.528115
SimBA,100,ILSVRC2012_val_00001305.JPEG,97,15000,False,97,163,99,2026-03-17T17:18:56.500505
SimBA,100,ILSVRC2012_val_00000522.JPEG,76,15000,False,76,186,77,2026-03-17T17:20:10.697139
SimBA,100,ILSVRC2012_val_00001874.JPEG,17,15000,False,17,655,18,2026-03-17T17:20:56.087141
SimBA,100,ILSVRC2012_val_00001044.JPEG,23,78,True,91,,,2026-03-17T17:21:03.327217
SimBA,100,ILSVRC2012_val_00001321.JPEG,66,15000,False,66,100,120,2026-03-17T17:21:15.193786
SimBA,100,ILSVRC2012_val_00002956.JPEG,25,15000,False,25,116,28,2026-03-17T17:22:20.403905
SimBA,100,ILSVRC2012_val_00001614.JPEG,8,15000,False,8,120,7,2026-03-17T17:23:32.688926
SimBA,100,ILSVRC2012_val_00002124.JPEG,67,12978,True,41,102,41,2026-03-17T17:27:55.851102
SimBA,100,ILSVRC2012_val_00000265.JPEG,88,15000,False,88,374,90,2026-03-17T17:33:57.118051
SimBA,100,ILSVRC2012_val_00001455.JPEG,47,15000,False,47,100,38,2026-03-17T17:34:39.014157
SimBA,100,ILSVRC2012_val_00000625.JPEG,38,15000,False,38,113,49,2026-03-17T17:35:23.375817
SimBA,100,ILSVRC2012_val_00000119.JPEG,98,15000,False,98,150,97,2026-03-17T17:35:37.069308
SimBA,100,ILSVRC2012_val_00001131.JPEG,73,15000,False,73,103,77,2026-03-17T17:37:09.865754
SimBA,OT,ILSVRC2012_val_00000054.JPEG,56,15000,False,56,,,2026-03-17T17:37:21.658691
SimBA,100,ILSVRC2012_val_00000005.JPEG,19,15000,False,19,467,16,2026-03-17T17:38:23.641920
SimBA,100,ILSVRC2012_val_00000321.JPEG,29,15000,False,29,131,126,2026-03-17T17:38:44.009553
SimBA,100,ILSVRC2012_val_00000378.JPEG,9,15000,False,9,135,162,2026-03-17T17:39:34.962436
SimBA,100,ILSVRC2012_val_00001111.JPEG,96,15000,False,96,107,46,2026-03-17T17:44:03.497319
SimBA,100,ILSVRC2012_val_00000011.JPEG,89,15000,False,89,7071,132,2026-03-17T17:49:32.570809
SimBA,100,ILSVRC2012_val_00000406.JPEG,48,15000,False,48,153,39,2026-03-17T17:51:08.351602
SimBA,100,ILSVRC2012_val_00001045.JPEG,99,15000,False,99,105,621,2026-03-17T17:52:05.544843
SimBA,100,ILSVRC2012_val_00004042.JPEG,39,15000,False,39,153,43,2026-03-17T17:52:32.023127
SimBA,100,ILSVRC2012_val_00001350.JPEG,78,15000,False,78,376,73,2026-03-17T17:53:29.466607
SimBA,OT,ILSVRC2012_val_00000296.JPEG,61,15000,False,61,55,62,2026-03-17T17:54:05.420460
SimBA,OT,ILSVRC2012_val_00001493.JPEG,10,15000,False,10,754,11,2026-03-17T17:55:14.609006
SimBA,OT,ILSVRC2012_val_00000309.JPEG,0,15000,False,0,61,389,2026-03-17T17:55:24.483681
SimBA,OT,ILSVRC2012_val_00001912.JPEG,20,15000,False,20,79,85,2026-03-17T17:56:17.212606
SimBA,OT,ILSVRC2012_val_00000187.JPEG,640,15000,False,640,16,904,2026-03-17T17:59:58.556739
SimBA,OT,ILSVRC2012_val_00000120.JPEG,313,9057,True,57,37,57,2026-03-17T18:03:10.132591
SimBA,OT,ILSVRC2012_val_00000807.JPEG,80,15000,False,80,114,23,2026-03-17T18:05:55.620985
SimBA,100,ILSVRC2012_val_00000846.JPEG,49,15000,False,49,103,50,2026-03-17T18:06:31.960544
SimBA,OT,ILSVRC2012_val_00001245.JPEG,90,15000,False,90,2196,91,2026-03-17T18:08:40.754310
SimBA,100,ILSVRC2012_val_00003857.JPEG,114,15000,False,114,103,113,2026-03-17T18:09:13.873498
SimBA,OT,ILSVRC2012_val_00000588.JPEG,30,15000,False,30,57,32,2026-03-17T18:11:43.864292
SimBA,OT,ILSVRC2012_val_00001195.JPEG,11,15000,False,11,48,951,2026-03-17T18:12:11.333548
SimBA,OT,ILSVRC2012_val_00000826.JPEG,1,15000,False,1,580,989,2026-03-17T18:12:16.702709
SimBA,OT,ILSVRC2012_val_00001861.JPEG,21,15000,False,21,103,23,2026-03-17T18:13:59.217232
SimBA,OT,ILSVRC2012_val_00000461.JPEG,113,15000,False,113,168,78,2026-03-17T18:16:13.381141
SimBA,OT,ILSVRC2012_val_00000150.JPEG,66,15000,False,66,49,68,2026-03-17T18:19:47.466786
SimBA,OT,ILSVRC2012_val_00000440.JPEG,86,15000,False,86,735,82,2026-03-17T18:19:58.213819
SimBA,OT,ILSVRC2012_val_00000107.JPEG,40,15000,False,40,30,315,2026-03-17T18:22:32.923182
SimBA,OT,ILSVRC2012_val_00000001.JPEG,91,15000,False,91,233,15,2026-03-17T18:24:39.671519
SimBA,OT,ILSVRC2012_val_00000046.JPEG,70,15000,False,70,29,77,2026-03-17T18:25:59.023541
SimBA,OT,ILSVRC2012_val_00000484.JPEG,30,15000,False,30,528,31,2026-03-17T18:28:05.382278
SimBA,OT,ILSVRC2012_val_00000294.JPEG,4,15000,False,4,1638,3,2026-03-17T18:28:05.764909
SimBA,OT,ILSVRC2012_val_00002085.JPEG,23,15000,False,23,113,92,2026-03-17T18:29:47.512563
SimBA,OT,ILSVRC2012_val_00003287.JPEG,12,15000,False,12,2366,10,2026-03-17T18:30:12.266753
SimBA,OT,ILSVRC2012_val_00000751.JPEG,60,15000,False,60,66,61,2026-03-17T18:30:47.758424
SimBA,OT,ILSVRC2012_val_00001888.JPEG,82,15000,False,82,90,86,2026-03-17T18:35:54.194271
SimBA,OT,ILSVRC2012_val_00000560.JPEG,955,15000,False,955,39,378,2026-03-17T18:37:19.753963
SimBA,OT,ILSVRC2012_val_00000731.JPEG,41,15000,False,41,326,44,2026-03-17T18:38:33.574559
SimBA,OT,ILSVRC2012_val_00003751.JPEG,92,15000,False,92,79,95,2026-03-17T18:42:06.357470
SimBA,OT,ILSVRC2012_val_00000237.JPEG,71,15000,False,71,128,52,2026-03-17T18:42:14.735316
SimBA,OT,ILSVRC2012_val_00000823.JPEG,801,15000,False,801,28,983,2026-03-17T18:42:52.640988
SimBA,OT,ILSVRC2012_val_00002403.JPEG,305,15000,False,305,191,32,2026-03-17T18:43:47.037653
SimBA,OT,ILSVRC2012_val_00002134.JPEG,53,15000,False,53,122,52,2026-03-17T18:46:07.041167
SimBA,OT,ILSVRC2012_val_00000062.JPEG,13,15000,False,13,200,995,2026-03-17T18:46:08.295926
SimBA,OT,ILSVRC2012_val_00001478.JPEG,23,15000,False,23,167,21,2026-03-17T18:47:24.469822
SimBA,OT,ILSVRC2012_val_00005869.JPEG,973,15000,False,973,77,109,2026-03-17T18:52:37.242416
SimBA,OT,ILSVRC2012_val_00000102.JPEG,83,15000,False,83,30,138,2026-03-17T18:53:42.195062
SimBA,OT,ILSVRC2012_val_00001628.JPEG,42,15000,False,42,309,41,2026-03-17T18:55:14.454877
SimBA,OT,ILSVRC2012_val_00000781.JPEG,67,9127,True,61,64,61,2026-03-17T18:55:20.178590
SimBA,OT,ILSVRC2012_val_00001186.JPEG,93,15000,False,93,319,133,2026-03-17T18:58:04.245279
SimBA,OT,ILSVRC2012_val_00000228.JPEG,72,15000,False,72,1415,74,2026-03-17T18:58:11.264508
SimBA,OT,ILSVRC2012_val_00000295.JPEG,337,15000,False,337,27,978,2026-03-17T18:58:15.266639
SimBA,OT,ILSVRC2012_val_00000324.JPEG,4,15000,False,4,22,3,2026-03-17T18:58:19.732432
SimBA,OT,ILSVRC2012_val_00002923.JPEG,55,431,True,317,34,317,2026-03-17T18:58:47.598987
SimBA,OT,ILSVRC2012_val_00002095.JPEG,14,15000,False,14,55,94,2026-03-17T19:02:29.357617
SimBA,OT,ILSVRC2012_val_00000880.JPEG,24,15000,False,24,89,21,2026-03-17T19:04:20.053953
SimBA,OT,ILSVRC2012_val_00000278.JPEG,66,15000,False,66,36,68,2026-03-17T19:07:16.915803
SimBA,OT,ILSVRC2012_val_00000881.JPEG,84,15000,False,84,24,562,2026-03-17T19:09:16.839654
SimBA,OT,ILSVRC2012_val_00000556.JPEG,43,15000,False,43,103,42,2026-03-17T19:11:24.629045
SimBA,OT,ILSVRC2012_val_00000132.JPEG,53,15000,False,53,244,600,2026-03-17T19:13:07.223961
SimBA,OT,ILSVRC2012_val_00000528.JPEG,94,15000,False,94,53,16,2026-03-17T19:14:05.981026
SimBA,OT,ILSVRC2012_val_00000793.JPEG,33,15000,False,33,28,34,2026-03-17T19:14:38.943811
SimBA,OT,ILSVRC2012_val_00000677.JPEG,78,15000,False,78,355,77,2026-03-17T19:15:22.222607
SimBA,OT,ILSVRC2012_val_00001322.JPEG,6,15000,False,6,75,5,2026-03-17T19:15:31.204550
SimBA,OT,ILSVRC2012_val_00000153.JPEG,15,15000,False,15,22,10,2026-03-17T19:18:42.438352
SimBA,OT,ILSVRC2012_val_00001002.JPEG,25,15000,False,25,481,28,2026-03-17T19:20:17.229757
SimBA,OT,ILSVRC2012_val_00001964.JPEG,67,15000,False,67,34,68,2026-03-17T19:23:37.461292
SimBA,OT,ILSVRC2012_val_00001419.JPEG,85,15000,False,85,82,86,2026-03-17T19:25:34.980049
SimBA,OT,ILSVRC2012_val_00000270.JPEG,945,15000,False,945,96,883,2026-03-17T19:26:15.118145
SimBA,OT,ILSVRC2012_val_00000194.JPEG,68,4402,True,54,53,54,2026-03-17T19:28:19.311138
SimBA,OT,ILSVRC2012_val_00000208.JPEG,56,15000,False,56,19,61,2026-03-17T19:29:16.305981
SimBA,OT,ILSVRC2012_val_00000836.JPEG,37,15000,False,37,298,35,2026-03-17T19:30:30.495708
SimBA,OT,ILSVRC2012_val_00001390.JPEG,95,15000,False,95,22,92,2026-03-17T19:31:30.835800
SimBA,OT,ILSVRC2012_val_00003561.JPEG,7,15000,False,7,96,8,2026-03-17T19:31:49.570159
SimBA,OT,ILSVRC2012_val_00000552.JPEG,72,15000,False,72,271,74,2026-03-17T19:33:02.064461
SimBA,OT,ILSVRC2012_val_00000188.JPEG,14,15000,False,14,73,17,2026-03-17T19:35:37.770816
SimBA,OT,ILSVRC2012_val_00001108.JPEG,26,15000,False,26,112,28,2026-03-17T19:36:19.889667
SimBA,OT,ILSVRC2012_val_00000561.JPEG,995,3726,True,988,82,988,2026-03-17T19:39:53.344195
SimBA,OT,ILSVRC2012_val_00000175.JPEG,82,15000,False,82,70,86,2026-03-17T19:40:14.418957
SimBA,OT,ILSVRC2012_val_00002575.JPEG,45,15000,False,45,26,390,2026-03-17T19:40:54.257343
SimBA,OT,ILSVRC2012_val_00001038.JPEG,57,15000,False,57,20,111,2026-03-17T19:44:17.313387
SimBA,OT,ILSVRC2012_val_00001321.JPEG,66,15000,False,66,41,120,2026-03-17T19:44:53.663004
SimBA,OT,ILSVRC2012_val_00001869.JPEG,36,15000,False,36,56,35,2026-03-17T19:46:19.784091
SimBA,OT,ILSVRC2012_val_00000204.JPEG,96,15000,False,96,574,93,2026-03-17T19:47:04.413288
SimBA,OT,ILSVRC2012_val_00001614.JPEG,8,15000,False,8,60,7,2026-03-17T19:49:34.897987
SimBA,OT,ILSVRC2012_val_00000603.JPEG,75,15000,False,75,319,73,2026-03-17T19:51:12.046553
SquareAttack,100,ILSVRC2012_val_00000054.JPEG,56,15000,False,56,110,60,2026-03-17T19:51:43.006169
SimBA,OT,ILSVRC2012_val_00001874.JPEG,17,15000,False,17,1699,18,2026-03-17T19:53:00.565037
SimBA,OT,ILSVRC2012_val_00001044.JPEG,23,78,True,91,,,2026-03-17T19:53:10.312586
SimBA,OT,ILSVRC2012_val_00000024.JPEG,87,15000,False,87,49,691,2026-03-17T19:54:22.929632
SimBA,OT,ILSVRC2012_val_00002956.JPEG,25,15000,False,25,116,28,2026-03-17T19:55:38.596416
SimBA,OT,ILSVRC2012_val_00002124.JPEG,67,12132,True,41,93,41,2026-03-17T19:57:06.803900
SimBA,OT,ILSVRC2012_val_00000053.JPEG,40,15000,False,40,54,46,2026-03-17T19:57:49.108102
SquareAttack,100,ILSVRC2012_val_00000296.JPEG,61,15000,False,61,126,62,2026-03-17T19:59:38.055105
SquareAttack,100,ILSVRC2012_val_00000120.JPEG,313,27,True,57,,,2026-03-17T19:59:39.322654
SquareAttack,100,ILSVRC2012_val_00000150.JPEG,66,417,True,114,101,114,2026-03-17T19:59:49.496548
SquareAttack,100,ILSVRC2012_val_00000560.JPEG,955,2,True,378,,,2026-03-17T19:59:49.745883
SquareAttack,100,ILSVRC2012_val_00005869.JPEG,973,18,True,937,,,2026-03-17T19:59:51.203540
SimBA,OT,ILSVRC2012_val_00001305.JPEG,97,15000,False,97,211,99,2026-03-17T20:02:01.572325
SimBA,OT,ILSVRC2012_val_00000395.JPEG,37,15000,False,37,319,35,2026-03-17T20:02:51.631871
SimBA,OT,ILSVRC2012_val_00000378.JPEG,9,15000,False,9,35,162,2026-03-17T20:05:09.519730
SquareAttack,100,ILSVRC2012_val_00000278.JPEG,66,15000,False,66,227,68,2026-03-17T20:07:02.438879
SimBA,OT,ILSVRC2012_val_00000005.JPEG,19,15000,False,19,550,16,2026-03-17T20:07:49.836577
SquareAttack,100,ILSVRC2012_val_00001493.JPEG,10,1842,True,11,101,11,2026-03-17T20:08:52.105175
SimBA,OT,ILSVRC2012_val_00000522.JPEG,76,15000,False,76,188,77,2026-03-17T20:08:54.051521
SquareAttack,100,ILSVRC2012_val_00001195.JPEG,11,103,True,951,103,951,2026-03-17T20:08:58.412673
SimBA,OT,ILSVRC2012_val_00000265.JPEG,88,15000,False,88,,,2026-03-17T20:10:18.378808
SimBA,OT,ILSVRC2012_val_00000321.JPEG,29,15000,False,29,378,126,2026-03-17T20:11:30.471417
SquareAttack,100,ILSVRC2012_val_00000309.JPEG,0,15000,False,0,100,391,2026-03-17T20:12:34.547722
SquareAttack,100,ILSVRC2012_val_00000826.JPEG,1,92,True,989,,,2026-03-17T20:12:39.299278
SimBA,OT,ILSVRC2012_val_00001455.JPEG,47,15000,False,47,80,38,2026-03-17T20:13:22.682565
SimBA,OT,ILSVRC2012_val_00001111.JPEG,96,15000,False,96,63,46,2026-03-17T20:14:27.190016
SquareAttack,100,ILSVRC2012_val_00000187.JPEG,640,2,True,533,,,2026-03-17T20:14:27.456450
SquareAttack,100,ILSVRC2012_val_00000461.JPEG,113,1,True,51,,,2026-03-17T20:14:27.533252
SquareAttack,100,ILSVRC2012_val_00000751.JPEG,60,1,True,61,,,2026-03-17T20:14:27.623214
SquareAttack,100,ILSVRC2012_val_00003287.JPEG,12,15000,False,12,104,10,2026-03-17T20:14:51.156730
SquareAttack,100,ILSVRC2012_val_00000062.JPEG,13,315,True,995,103,995,2026-03-17T20:15:04.848132
SquareAttack,100,ILSVRC2012_val_00002095.JPEG,14,5,True,94,,,2026-03-17T20:15:05.155333
SquareAttack,100,ILSVRC2012_val_00001964.JPEG,67,15000,False,67,312,68,2026-03-17T20:15:13.029638
SquareAttack,100,ILSVRC2012_val_00000194.JPEG,68,1,True,54,,,2026-03-17T20:15:13.204200
SquareAttack,100,ILSVRC2012_val_00001321.JPEG,66,1,True,120,,,2026-03-17T20:15:13.371620
SquareAttack,100,ILSVRC2012_val_00002134.JPEG,53,3694,True,785,128,785,2026-03-17T20:15:53.933494
SquareAttack,100,ILSVRC2012_val_00000781.JPEG,67,8,True,61,,,2026-03-17T20:15:54.792318
SquareAttack,100,ILSVRC2012_val_00000132.JPEG,53,2,True,59,,,2026-03-17T20:15:55.088477
SquareAttack,100,ILSVRC2012_val_00001912.JPEG,20,15000,False,20,122,85,2026-03-17T20:18:14.007276
SimBA,OT,ILSVRC2012_val_00000625.JPEG,38,15000,False,38,54,49,2026-03-17T20:19:02.621440
SquareAttack,100,ILSVRC2012_val_00000294.JPEG,4,15000,False,4,107,3,2026-03-17T20:19:17.730563
SquareAttack,100,ILSVRC2012_val_00000823.JPEG,801,2,True,149,,,2026-03-17T20:19:17.806639
SimBA,OT,ILSVRC2012_val_00000119.JPEG,98,15000,False,98,22,97,2026-03-17T20:19:23.150230
SquareAttack,100,ILSVRC2012_val_00000153.JPEG,15,12193,True,10,127,10,2026-03-17T20:20:29.964136
SquareAttack,100,ILSVRC2012_val_00000188.JPEG,14,179,True,92,103,92,2026-03-17T20:20:39.009200
SquareAttack,OT,ILSVRC2012_val_00000054.JPEG,56,15000,False,56,78,60,2026-03-17T20:22:27.259467
SquareAttack,100,ILSVRC2012_val_00000208.JPEG,56,15000,False,56,113,61,2026-03-17T20:23:05.547054
SquareAttack,100,ILSVRC2012_val_00001038.JPEG,57,1,True,111,,,2026-03-17T20:23:05.644310
SquareAttack,100,ILSVRC2012_val_00002124.JPEG,67,7,True,41,,,2026-03-17T20:23:05.869144
SquareAttack,100,ILSVRC2012_val_00001111.JPEG,96,1,True,46,,,2026-03-17T20:23:05.941492
SquareAttack,OT,ILSVRC2012_val_00000187.JPEG,640,2,True,533,,,2026-03-17T20:23:06.127808
SquareAttack,OT,ILSVRC2012_val_00000461.JPEG,113,1,True,51,,,2026-03-17T20:23:06.215751
SquareAttack,OT,ILSVRC2012_val_00000751.JPEG,60,1,True,61,,,2026-03-17T20:23:06.268097
SimBA,OT,ILSVRC2012_val_00001131.JPEG,73,15000,False,73,58,77,2026-03-17T20:24:43.771352
SquareAttack,100,ILSVRC2012_val_00001861.JPEG,21,15000,False,21,105,23,2026-03-17T20:24:54.427082
SquareAttack,100,ILSVRC2012_val_00002085.JPEG,23,1,True,92,,,2026-03-17T20:24:54.662872
SquareAttack,OT,ILSVRC2012_val_00002134.JPEG,53,5544,True,785,206,785,2026-03-17T20:25:26.178494
SquareAttack,OT,ILSVRC2012_val_00000781.JPEG,67,8,True,61,,,2026-03-17T20:25:26.642348
SquareAttack,OT,ILSVRC2012_val_00000132.JPEG,53,2,True,59,,,2026-03-17T20:25:26.850839
SimBA,OT,ILSVRC2012_val_00000011.JPEG,89,15000,False,89,,,2026-03-17T20:26:01.848940
SquareAttack,100,ILSVRC2012_val_00000324.JPEG,4,15000,False,4,103,3,2026-03-17T20:26:09.746001
SquareAttack,100,ILSVRC2012_val_00002923.JPEG,55,1,True,317,,,2026-03-17T20:26:09.965652
SquareAttack,100,ILSVRC2012_val_00001874.JPEG,17,15000,False,17,196,18,2026-03-17T20:27:20.481766
SquareAttack,100,ILSVRC2012_val_00001044.JPEG,23,1,True,91,,,2026-03-17T20:27:20.522118
SquareAttack,100,ILSVRC2012_val_00001322.JPEG,6,3213,True,5,101,5,2026-03-17T20:27:48.200816
SquareAttack,100,ILSVRC2012_val_00003561.JPEG,7,4040,True,144,100,144,2026-03-17T20:29:21.474869
SquareAttack,OT,ILSVRC2012_val_00000296.JPEG,61,15000,False,61,345,62,2026-03-17T20:29:34.639644
SquareAttack,OT,ILSVRC2012_val_00000120.JPEG,313,27,True,57,,,2026-03-17T20:29:35.744920
SimBA,OT,ILSVRC2012_val_00000406.JPEG,48,15000,False,48,40,39,2026-03-17T20:30:01.730382
SquareAttack,100,ILSVRC2012_val_00001614.JPEG,8,1532,True,7,150,7,2026-03-17T20:30:09.766290
SquareAttack,OT,ILSVRC2012_val_00000208.JPEG,56,15000,False,56,182,61,2026-03-17T20:32:25.512368
SquareAttack,OT,ILSVRC2012_val_00001038.JPEG,57,1,True,111,,,2026-03-17T20:32:25.716128
SquareAttack,OT,ILSVRC2012_val_00002124.JPEG,67,7,True,41,,,2026-03-17T20:32:26.332690
SquareAttack,OT,ILSVRC2012_val_00001111.JPEG,96,1,True,46,,,2026-03-17T20:32:26.566677
SquareAttack,100,ILSVRC2012_val_00001478.JPEG,23,15000,False,23,118,21,2026-03-17T20:32:30.807969
SquareAttack,100,ILSVRC2012_val_00000807.JPEG,80,15000,False,80,129,23,2026-03-17T20:32:57.631291
SquareAttack,100,ILSVRC2012_val_00000440.JPEG,86,1,True,85,,,2026-03-17T20:32:57.788946
SquareAttack,100,ILSVRC2012_val_00001888.JPEG,82,95,True,12,,,2026-03-17T20:33:00.776782
SquareAttack,100,ILSVRC2012_val_00000102.JPEG,83,98,True,331,,,2026-03-17T20:33:05.650643
SquareAttack,100,ILSVRC2012_val_00000378.JPEG,9,6844,True,162,101,162,2026-03-17T20:33:20.031126
SimBA,OT,ILSVRC2012_val_00004042.JPEG,39,15000,False,39,181,43,2026-03-17T20:33:54.070447
SquareAttack,100,ILSVRC2012_val_00000005.JPEG,19,15000,False,19,104,16,2026-03-17T20:34:36.391294
SquareAttack,OT,ILSVRC2012_val_00001493.JPEG,10,1842,True,11,101,11,2026-03-17T20:35:25.975894
SimBA,OT,ILSVRC2012_val_00001045.JPEG,99,15000,False,99,326,621,2026-03-17T20:35:26.027135
SquareAttack,OT,ILSVRC2012_val_00001195.JPEG,11,103,True,951,,,2026-03-17T20:35:30.377540
SquareAttack,OT,ILSVRC2012_val_00000150.JPEG,66,15000,False,66,59,68,2026-03-17T20:37:05.954931
SquareAttack,OT,ILSVRC2012_val_00000560.JPEG,955,2,True,378,,,2026-03-17T20:37:06.278022
SquareAttack,OT,ILSVRC2012_val_00005869.JPEG,973,18,True,937,,,2026-03-17T20:37:07.648999
SquareAttack,100,ILSVRC2012_val_00000880.JPEG,24,15000,False,24,137,21,2026-03-17T20:37:59.331703
SquareAttack,OT,ILSVRC2012_val_00000309.JPEG,0,15000,False,0,104,391,2026-03-17T20:38:26.953222
SquareAttack,OT,ILSVRC2012_val_00000826.JPEG,1,92,True,989,,,2026-03-17T20:38:30.612673
SquareAttack,100,ILSVRC2012_val_00000881.JPEG,84,15000,False,84,154,462,2026-03-17T20:39:52.354758
SquareAttack,100,ILSVRC2012_val_00000588.JPEG,30,15000,False,30,118,32,2026-03-17T20:39:55.117182
SquareAttack,100,ILSVRC2012_val_00000484.JPEG,30,2,True,31,,,2026-03-17T20:39:55.436604
SimBA,OT,ILSVRC2012_val_00001350.JPEG,78,15000,False,78,1077,73,2026-03-17T20:40:41.326139
SquareAttack,100,ILSVRC2012_val_00002403.JPEG,305,2119,True,32,148,32,2026-03-17T20:40:59.835645
SquareAttack,100,ILSVRC2012_val_00000295.JPEG,337,5,True,344,,,2026-03-17T20:41:00.271367
SquareAttack,OT,ILSVRC2012_val_00003287.JPEG,12,15000,False,12,109,10,2026-03-17T20:41:22.039180
SquareAttack,100,ILSVRC2012_val_00000793.JPEG,33,797,True,34,103,34,2026-03-17T20:41:26.842104
SquareAttack,OT,ILSVRC2012_val_00000062.JPEG,13,303,True,995,107,995,2026-03-17T20:41:33.876474
SquareAttack,OT,ILSVRC2012_val_00002095.JPEG,14,5,True,94,,,2026-03-17T20:41:34.351579
SquareAttack,100,ILSVRC2012_val_00001245.JPEG,90,15000,False,90,112,88,2026-03-17T20:41:54.041401
SquareAttack,OT,ILSVRC2012_val_00000278.JPEG,66,15000,False,66,80,68,2026-03-17T20:43:31.786276
SimBA,OT,ILSVRC2012_val_00000846.JPEG,49,15000,False,49,42,50,2026-03-17T20:44:32.147443
SquareAttack,100,ILSVRC2012_val_00000107.JPEG,40,5,True,94,,,2026-03-17T20:44:32.545279
SquareAttack,100,ILSVRC2012_val_00001002.JPEG,25,15000,False,25,101,28,2026-03-17T20:44:33.493912
SquareAttack,OT,ILSVRC2012_val_00000294.JPEG,4,15000,False,4,81,3,2026-03-17T20:44:45.484289
SquareAttack,OT,ILSVRC2012_val_00000823.JPEG,801,2,True,149,,,2026-03-17T20:44:45.561734
SquareAttack,100,ILSVRC2012_val_00001108.JPEG,26,1199,True,28,118,28,2026-03-17T20:45:06.890396
SquareAttack,100,ILSVRC2012_val_00000561.JPEG,995,1,True,988,,,2026-03-17T20:45:07.051191
SquareAttack,100,ILSVRC2012_val_00002956.JPEG,25,77,True,28,,,2026-03-17T20:45:11.267982
SquareAttack,100,ILSVRC2012_val_00001419.JPEG,85,15000,False,85,109,86,2026-03-17T20:45:19.908426
SquareAttack,100,ILSVRC2012_val_00000175.JPEG,82,101,True,81,101,81,2026-03-17T20:45:25.708000
SquareAttack,100,ILSVRC2012_val_00000024.JPEG,87,1,True,566,,,2026-03-17T20:45:25.858721
SquareAttack,OT,ILSVRC2012_val_00000153.JPEG,15,12398,True,10,324,10,2026-03-17T20:47:18.856523
SquareAttack,OT,ILSVRC2012_val_00000188.JPEG,14,129,True,92,,,2026-03-17T20:47:22.509503
SquareAttack,100,ILSVRC2012_val_00000001.JPEG,91,15000,False,91,122,23,2026-03-17T20:48:07.682247
SquareAttack,100,ILSVRC2012_val_00003751.JPEG,92,5,True,16,,,2026-03-17T20:48:07.847750
SquareAttack,100,ILSVRC2012_val_00001186.JPEG,93,708,True,133,101,133,2026-03-17T20:48:22.665401
SquareAttack,100,ILSVRC2012_val_00000836.JPEG,37,15000,False,37,103,35,2026-03-17T20:48:30.322824
SquareAttack,100,ILSVRC2012_val_00001869.JPEG,36,29,True,32,,,2026-03-17T20:48:31.194984
SquareAttack,100,ILSVRC2012_val_00000731.JPEG,41,12089,True,44,103,44,2026-03-17T20:49:16.372966
SquareAttack,OT,ILSVRC2012_val_00000324.JPEG,4,15000,False,4,177,3,2026-03-17T20:50:17.822160
SquareAttack,OT,ILSVRC2012_val_00002923.JPEG,55,1,True,317,,,2026-03-17T20:50:17.925799
SquareAttack,OT,ILSVRC2012_val_00001964.JPEG,67,15000,False,67,39,68,2026-03-17T20:50:48.875145
SquareAttack,OT,ILSVRC2012_val_00000194.JPEG,68,1,True,54,,,2026-03-17T20:50:49.038227
SquareAttack,OT,ILSVRC2012_val_00001321.JPEG,66,1,True,120,,,2026-03-17T20:50:49.111084
SquareAttack,OT,ILSVRC2012_val_00001322.JPEG,6,3269,True,5,122,5,2026-03-17T20:51:35.059264
SquareAttack,100,ILSVRC2012_val_00000321.JPEG,29,15000,False,29,104,149,2026-03-17T20:51:35.427212
SquareAttack,100,ILSVRC2012_val_00000265.JPEG,88,15000,False,88,101,90,2026-03-17T20:51:52.620961
SquareAttack,OT,ILSVRC2012_val_00003561.JPEG,7,4040,True,144,100,144,2026-03-17T20:52:58.525204
SquareAttack,OT,ILSVRC2012_val_00001874.JPEG,17,15000,False,17,288,18,2026-03-17T20:53:29.478886
SquareAttack,OT,ILSVRC2012_val_00001044.JPEG,23,1,True,91,,,2026-03-17T20:53:29.519659
SquareAttack,OT,ILSVRC2012_val_00001614.JPEG,8,1532,True,7,307,7,2026-03-17T20:53:30.190713
SimBA,OT,ILSVRC2012_val_00003857.JPEG,114,15000,False,114,93,113,2026-03-17T20:53:59.652153
SquareAttack,100,ILSVRC2012_val_00000528.JPEG,94,15000,False,94,115,16,2026-03-17T20:54:16.873253
SquareAttack,100,ILSVRC2012_val_00001628.JPEG,42,15000,False,42,137,41,2026-03-17T20:54:24.020644
SquareAttack,100,ILSVRC2012_val_00000395.JPEG,37,15000,False,37,101,35,2026-03-17T20:54:27.646276
SquareAttack,100,ILSVRC2012_val_00000625.JPEG,38,1,True,49,,,2026-03-17T20:54:27.763299
SquareAttack,OT,ILSVRC2012_val_00000378.JPEG,9,6376,True,162,304,162,2026-03-17T20:56:00.408033
SquareAttack,OT,ILSVRC2012_val_00001912.JPEG,20,15000,False,20,82,85,2026-03-17T20:56:53.725849
SquareAttack,100,ILSVRC2012_val_00000011.JPEG,89,15000,False,89,110,132,2026-03-17T20:57:23.625285
SquareAttack,OT,ILSVRC2012_val_00000005.JPEG,19,15000,False,19,135,16,2026-03-17T20:58:58.071004
SquareAttack,100,ILSVRC2012_val_00001390.JPEG,95,15000,False,95,103,92,2026-03-17T20:59:01.813065
SquareAttack,100,ILSVRC2012_val_00000204.JPEG,96,179,True,364,115,364,2026-03-17T20:59:04.985315
SquareAttack,100,ILSVRC2012_val_00000556.JPEG,43,15000,False,43,104,42,2026-03-17T20:59:17.012536
SquareAttack,100,ILSVRC2012_val_00004042.JPEG,39,15000,False,39,123,43,2026-03-17T20:59:17.594320
SquareAttack,100,ILSVRC2012_val_00000046.JPEG,70,15000,False,70,103,77,2026-03-17T20:59:21.794620
SquareAttack,100,ILSVRC2012_val_00000237.JPEG,71,450,True,944,116,944,2026-03-17T20:59:29.628041
SquareAttack,OT,ILSVRC2012_val_00001861.JPEG,21,15000,False,21,128,23,2026-03-17T21:01:12.746929
SquareAttack,OT,ILSVRC2012_val_00002085.JPEG,23,1,True,92,,,2026-03-17T21:01:12.803898
SquareAttack,OT,ILSVRC2012_val_00000807.JPEG,80,15000,False,80,131,23,2026-03-17T21:01:34.140363
SquareAttack,OT,ILSVRC2012_val_00000440.JPEG,86,1,True,85,,,2026-03-17T21:01:34.204990
SquareAttack,OT,ILSVRC2012_val_00001888.JPEG,82,95,True,12,,,2026-03-17T21:01:37.107222
SquareAttack,OT,ILSVRC2012_val_00000102.JPEG,83,98,True,331,,,2026-03-17T21:01:39.846927
SquareAttack,OT,ILSVRC2012_val_00000588.JPEG,30,15000,False,30,218,32,2026-03-17T21:03:19.458141
SquareAttack,OT,ILSVRC2012_val_00000484.JPEG,30,2,True,31,,,2026-03-17T21:03:19.613352
SquareAttack,100,ILSVRC2012_val_00000270.JPEG,945,15000,False,945,104,883,2026-03-17T21:03:24.572545
SquareAttack,100,ILSVRC2012_val_00001305.JPEG,97,15000,False,97,121,99,2026-03-17T21:03:43.347685
SquareAttack,OT,ILSVRC2012_val_00002403.JPEG,305,2156,True,32,86,32,2026-03-17T21:03:47.595805
SquareAttack,OT,ILSVRC2012_val_00000295.JPEG,337,5,True,344,,,2026-03-17T21:03:47.806713
SquareAttack,OT,ILSVRC2012_val_00000793.JPEG,33,509,True,34,359,34,2026-03-17T21:03:57.080396
SquareAttack,100,ILSVRC2012_val_00000228.JPEG,72,15000,False,72,120,74,2026-03-17T21:03:57.927931
SquareAttack,100,ILSVRC2012_val_00000677.JPEG,78,2,True,77,,,2026-03-17T21:03:58.073919
SquareAttack,OT,ILSVRC2012_val_00001478.JPEG,23,15000,False,23,88,21,2026-03-17T21:05:10.584756
SquareAttack,OT,ILSVRC2012_val_00000881.JPEG,84,15000,False,84,551,462,2026-03-17T21:05:36.221102
SquareAttack,100,ILSVRC2012_val_00000119.JPEG,98,9605,True,97,108,97,2026-03-17T21:06:17.660958
SquareAttack,100,ILSVRC2012_val_00001045.JPEG,99,1,True,975,,,2026-03-17T21:06:17.732586
SquareAttack,100,ILSVRC2012_val_00002575.JPEG,45,15000,False,45,111,390,2026-03-17T21:07:52.354712
SquareAttack,OT,ILSVRC2012_val_00000836.JPEG,37,15000,False,37,98,35,2026-03-17T21:07:54.203402
SquareAttack,100,ILSVRC2012_val_00000053.JPEG,40,122,True,46,102,46,2026-03-17T21:07:55.036351
SquareAttack,OT,ILSVRC2012_val_00001869.JPEG,36,29,True,32,,,2026-03-17T21:07:55.051463
SquareAttack,100,ILSVRC2012_val_00000552.JPEG,72,15000,False,72,109,74,2026-03-17T21:08:11.939722
SquareAttack,OT,ILSVRC2012_val_00001419.JPEG,85,15000,False,85,120,86,2026-03-17T21:09:16.334901
SquareAttack,OT,ILSVRC2012_val_00000175.JPEG,82,101,True,81,88,81,2026-03-17T21:09:17.983554
SquareAttack,OT,ILSVRC2012_val_00000024.JPEG,87,1,True,566,,,2026-03-17T21:09:18.022630
SquareAttack,OT,ILSVRC2012_val_00000880.JPEG,24,15000,False,24,137,21,2026-03-17T21:09:21.973789
SquareAttack,OT,ILSVRC2012_val_00001245.JPEG,90,15000,False,90,131,88,2026-03-17T21:10:40.121379
SquareAttack,100,ILSVRC2012_val_00001455.JPEG,47,15000,False,47,120,38,2026-03-17T21:11:55.352678
SquareAttack,100,ILSVRC2012_val_00000603.JPEG,75,15000,False,75,113,73,2026-03-17T21:12:17.543371
SquareAttack,100,ILSVRC2012_val_00000406.JPEG,48,1582,True,39,105,39,2026-03-17T21:12:22.210384
SquareAttack,100,ILSVRC2012_val_00000846.JPEG,49,41,True,50,,,2026-03-17T21:12:23.010765
SquareAttack,OT,ILSVRC2012_val_00000107.JPEG,40,5,True,94,,,2026-03-17T21:12:23.225262
SquareAttack,OT,ILSVRC2012_val_00000395.JPEG,37,15000,False,37,177,35,2026-03-17T21:12:25.501436
SquareAttack,OT,ILSVRC2012_val_00000625.JPEG,38,1,True,49,,,2026-03-17T21:12:25.568867
SquareAttack,OT,ILSVRC2012_val_00000265.JPEG,88,15000,False,88,120,90,2026-03-17T21:13:12.614873
SquareAttack,OT,ILSVRC2012_val_00001002.JPEG,25,15000,False,25,20,28,2026-03-17T21:13:43.951326
SquareAttack,OT,ILSVRC2012_val_00001108.JPEG,26,550,True,32,371,32,2026-03-17T21:13:52.671136
SquareAttack,OT,ILSVRC2012_val_00000561.JPEG,995,1,True,988,,,2026-03-17T21:13:52.746441
SquareAttack,OT,ILSVRC2012_val_00002956.JPEG,25,77,True,28,,,2026-03-17T21:13:54.553478
SquareAttack,OT,ILSVRC2012_val_00000001.JPEG,91,15000,False,91,234,23,2026-03-17T21:14:33.869279
SquareAttack,OT,ILSVRC2012_val_00003751.JPEG,92,5,True,16,,,2026-03-17T21:14:34.075547
SquareAttack,OT,ILSVRC2012_val_00001186.JPEG,93,187,True,133,171,133,2026-03-17T21:14:37.650750
SquareAttack,OT,ILSVRC2012_val_00000731.JPEG,41,12089,True,44,87,44,2026-03-17T21:15:32.668770
SquareAttack,100,ILSVRC2012_val_00000522.JPEG,76,15000,False,76,112,77,2026-03-17T21:16:36.704424
SquareAttack,OT,ILSVRC2012_val_00004042.JPEG,39,15000,False,39,187,43,2026-03-17T21:16:38.330650
SquareAttack,OT,ILSVRC2012_val_00000011.JPEG,89,15000,False,89,61,132,2026-03-17T21:17:05.808103
SquareAttack,OT,ILSVRC2012_val_00000321.JPEG,29,15000,False,29,120,149,2026-03-17T21:17:48.982082
SquareAttack,OT,ILSVRC2012_val_00000528.JPEG,94,15000,False,94,288,16,2026-03-17T21:18:01.798556
SquareAttack,100,ILSVRC2012_val_00001131.JPEG,73,15000,False,73,116,77,2026-03-17T21:18:40.889759
SquareAttack,OT,ILSVRC2012_val_00001628.JPEG,42,15000,False,42,178,41,2026-03-17T21:18:50.859778
SquareAttack,100,ILSVRC2012_val_00001350.JPEG,78,15000,False,78,101,73,2026-03-17T21:20:09.714509
SquareAttack,100,ILSVRC2012_val_00003857.JPEG,114,5,True,116,,,2026-03-17T21:20:09.793509
SquareAttack,OT,ILSVRC2012_val_00001390.JPEG,95,15000,False,95,128,92,2026-03-17T21:20:47.711216
SquareAttack,OT,ILSVRC2012_val_00000204.JPEG,96,179,True,364,177,364,2026-03-17T21:20:50.192831
SquareAttack,OT,ILSVRC2012_val_00000556.JPEG,43,15000,False,43,104,42,2026-03-17T21:21:33.685108
SquareAttack,OT,ILSVRC2012_val_00000046.JPEG,70,15000,False,70,160,77,2026-03-17T21:21:39.316638
SquareAttack,OT,ILSVRC2012_val_00000237.JPEG,71,459,True,55,,,2026-03-17T21:21:42.337085
SquareAttack,OT,ILSVRC2012_val_00000228.JPEG,72,15000,False,72,894,74,2026-03-17T21:23:09.390173
SquareAttack,OT,ILSVRC2012_val_00000677.JPEG,78,2,True,77,,,2026-03-17T21:23:09.431164
SquareAttack,OT,ILSVRC2012_val_00000270.JPEG,945,10933,True,883,243,883,2026-03-17T21:23:32.721270
SquareAttack,OT,ILSVRC2012_val_00001305.JPEG,97,15000,False,97,22,99,2026-03-17T21:23:35.674172
SquareAttack,OT,ILSVRC2012_val_00000552.JPEG,72,15000,False,72,109,74,2026-03-17T21:24:37.934340
SquareAttack,OT,ILSVRC2012_val_00000119.JPEG,98,8330,True,97,117,97,2026-03-17T21:25:06.782540
SquareAttack,OT,ILSVRC2012_val_00001045.JPEG,99,1,True,975,,,2026-03-17T21:25:06.821501
SquareAttack,OT,ILSVRC2012_val_00002575.JPEG,45,15000,False,45,118,390,2026-03-17T21:25:44.166388
SquareAttack,OT,ILSVRC2012_val_00000053.JPEG,40,373,True,46,104,46,2026-03-17T21:25:46.647225
SquareAttack,OT,ILSVRC2012_val_00000603.JPEG,75,15000,False,75,165,73,2026-03-17T21:26:05.849843
SquareAttack,OT,ILSVRC2012_val_00001455.JPEG,47,15000,False,47,314,38,2026-03-17T21:27:14.008761
SquareAttack,OT,ILSVRC2012_val_00000406.JPEG,48,1342,True,39,190,39,2026-03-17T21:27:21.961084
SquareAttack,OT,ILSVRC2012_val_00000846.JPEG,49,41,True,50,,,2026-03-17T21:27:22.389555
SquareAttack,OT,ILSVRC2012_val_00000522.JPEG,76,15000,False,76,312,77,2026-03-17T21:27:35.313097
SquareAttack,OT,ILSVRC2012_val_00001131.JPEG,73,15000,False,73,133,77,2026-03-17T21:29:03.267890
SquareAttack,OT,ILSVRC2012_val_00001350.JPEG,78,15000,False,78,278,73,2026-03-17T21:30:31.019995
SquareAttack,OT,ILSVRC2012_val_00003857.JPEG,114,5,True,116,,,2026-03-17T21:30:31.103142
